id,username,email,gender,country,password,phone
1,Magdalene Loughney,mloughney0@reuters.com,Female,Ukraine,123123,2323841939
2,Adrien Baggarley,abaggarley1@webs.com,Male,China,123123,8784537716
3,Greggory Thorwarth,gthorwarth2@linkedin.com,Male,Argentina,123123,9409178988
4,Oralle Abrahams,oabrahams3@fda.gov,Female,Poland,123123,3922496123
5,Donn Marjanovic,dmarjanovic4@opera.com,Male,Brazil,123123,1911118575
6,Alix O'Hear,aohear5@booking.com,Female,Nigeria,123123,6885304758
7,Bertha Waiting,bwaiting6@blogger.com,Female,Portugal,123123,2228419270
8,Lorianna Hildrew,lhildrew7@exblog.jp,Female,Saudi Arabia,123123,6868510372
9,Olimpia Gunston,ogunston8@over-blog.com,Female,Portugal,123123,3205708456
10,Rorie Tallowin,rtallowin9@hibu.com,Female,Kazakhstan,123123,8116105012
11,Kristo Kleynen,kkleynena@yellowpages.com,Male,Yemen,123123,7645262373
12,Tiphani Bather,tbatherb@technorati.com,Female,Sweden,123123,6393259989
13,Lucais McGarrie,lmcgarriec@google.ru,Male,Indonesia,123123,3737995278
14,Piotr Dayment,pdaymentd@columbia.edu,Agender,Portugal,123123,3302361798
15,Derril Kamiyama,dkamiyamae@tripadvisor.com,Male,Portugal,123123,3185508407
16,Martainn Glayzer,mglayzerf@ycombinator.com,Male,Poland,123123,9198215882
17,Frieda Buse,fbuseg@reddit.com,Female,Nigeria,123123,9987929535
18,Marylynne Brounsell,mbrounsellh@over-blog.com,Genderfluid,Japan,123123,9683714875
19,Celisse Ragsdall,cragsdalli@apple.com,Female,China,123123,2366585018
20,Helli Cowoppe,hcowoppej@cloudflare.com,Female,Argentina,123123,3862296681
